fecha,id,z,nivel,valor
2026-09-25,SPY,0.073,,771.3499755859375
2026-09-25,QQQ,0.49,,744.5
2026-09-25,IWM,-0.5,,281.9700012207031
2026-09-25,VGK,-0.773,,88.62999725341797
2026-09-25,EWQ,-1.081,,43.84999847412109
2026-09-25,EWJ,0.411,,97.93000030517578
2026-09-25,MCHI,-1.027,,52.619998931884766
2026-09-25,INDA,-0.866,,47.86000061035156
2026-09-25,EEM,0.138,,67.9800033569336
2026-09-25,EWZ,-0.222,,36.81999969482422
2026-09-25,EWW,-0.587,,73.33999633789062
2026-09-25,COL,0.329,,95.1500015258789
2026-09-25,ARGT,-1.339,,88.5999984741211
2026-09-25,EIS,-1.347,,122.9800033569336
2026-09-25,US2Y,1.647,,4.87
2026-09-25,US10Y,3.268,extremo,5.18
2026-09-25,CURVA,0.427,,0.36
2026-09-25,REAL10,3.727,extremo,2.85
2026-09-25,BE10,0.41,,2.34
2026-09-25,DE10,2.295,aviso,3.0704347826087
2026-09-25,JP10,2.384,aviso,2.79
2026-09-25,USJP,-2.184,aviso,1.7000000000000002
2026-09-25,FRDE,1.098,,0.7795652173912999
2026-09-25,TLT,-1.324,,79.31999969482422
2026-09-25,EMB,-2.181,aviso,92.18000030517578
2026-09-25,EMLC,-1.158,,24.959999084472656
2026-09-25,DXY,0.878,,100.97000122070312
2026-09-25,EURUSD,-1.057,,1.1374752521514893
2026-09-25,USDJPY,-0.372,,158.81100463867188
2026-09-25,USDCOP,-0.302,,3356.679931640625
2026-09-25,USDBRL,0.01,,5.190499782562256
2026-09-25,USDMXN,0.37,,17.738679885864258
2026-09-25,USDCNY,-0.733,,6.711100101470947
2026-09-25,AUDUSD,-0.339,,0.700799822807312
2026-09-25,USDILS,0.831,,3.046550035476685
2026-09-25,WTI,0.797,,92.41000366210938
2026-09-25,BRENT,1.275,,104.31999969482422
2026-09-25,GAS,0.102,,3.196000099182129
2026-09-25,ORO,-1.916,,4321.2001953125
2026-09-25,PLATA,-1.446,,64.24500274658203
2026-09-25,COBRE,0.43,,6.695499897003174
2026-09-25,CAFE,-1.128,,278.1000061035156
2026-09-25,TRIGO,1.708,,703.25
2026-09-25,SOYA,1.826,,1319.0
2026-09-25,DBA,0.13,,28.540000915527344
2026-09-25,XLE,0.702,,62.040000915527344
2026-09-25,XOP,0.792,,181.5
2026-09-25,URA,-1.591,,40.90999984741211
2026-09-25,ICLN,-0.709,,17.229999542236328
2026-09-25,HYSPR,-0.735,,2.8
2026-09-25,IGSPR,-0.761,,0.79
2026-09-25,HYG,-2.254,aviso,77.86000061035156
2026-09-25,LQD,-2.152,aviso,103.20999908447266
2026-09-25,VIX,-0.521,,14.869999885559082
2026-09-25,MOVE,0.261,,96.0
2026-09-25,CUAU,-0.007,,0.001549453761542
2026-09-25,AUAG,-1.157,,67.2612656327172
2026-09-25,SMLG,-0.841,,0.3655539121609635
2026-09-25,EMUS,1.418,,0.0881312056894721
2026-09-25,OILAU,-0.42,,0.0213852632336619
2026-10-02,SPY,-0.053,,769.6400146484375
2026-10-02,QQQ,0.524,,749.5800170898438
2026-10-02,IWM,-0.577,,281.5199890136719
2026-10-02,VGK,-1.385,,86.37999725341797
2026-10-02,EWQ,-1.81,,42.22999954223633
2026-10-02,EWJ,0.506,,98.91999816894531
2026-10-02,MCHI,-1.258,,51.2400016784668
2026-10-02,INDA,-1.219,,46.52000045776367
2026-10-02,EEM,-0.046,,67.66999816894531
2026-10-02,EWZ,0.093,,38.189998626708984
2026-10-02,EWW,-0.88,,71.08999633789062
2026-10-02,COL,0.052,,91.91000366210938
2026-10-02,ARGT,-1.775,,84.5199966430664
2026-10-02,EIS,-1.437,,122.54000091552734
2026-10-02,US2Y,1.467,,4.78
2026-10-02,US10Y,3.389,extremo,5.24
2026-10-02,CURVA,0.653,,0.45
2026-10-02,REAL10,3.73,extremo,2.88
2026-10-02,BE10,0.645,,2.36
2026-10-02,DE10,2.295,aviso,3.0704347826087
2026-10-02,JP10,2.384,aviso,2.79
2026-10-02,USJP,-2.184,aviso,1.7000000000000002
2026-10-02,FRDE,1.098,,0.7795652173912999
2026-10-02,TLT,-1.836,,77.4800033569336
2026-10-02,EMB,-2.92,fuerte,90.13999938964844
2026-10-02,EMLC,-1.506,,24.6200008392334
2026-10-02,DXY,1.223,,101.93000030517578
2026-10-02,EURUSD,-1.413,,1.124985933303833
2026-10-02,USDJPY,-0.543,,157.927001953125
2026-10-02,USDCOP,-0.459,,3318.530029296875
2026-10-02,USDBRL,0.172,,5.222599983215332
2026-10-02,USDMXN,0.949,,18.314340591430664
2026-10-02,USDCNY,-0.71,,6.704500198364258
2026-10-02,AUDUSD,-0.752,,0.6928700804710388
2026-10-02,USDILS,1.227,,3.085200071334839
2026-10-02,WTI,0.608,,91.11000061035156
2026-10-02,BRENT,1.017,,102.25
2026-10-02,GAS,-0.078,,3.0350000858306885
2026-10-02,ORO,-2.337,aviso,4162.2998046875
2026-10-02,PLATA,-1.807,,59.97700119018555
2026-10-02,COBRE,-0.047,,6.492000102996826
2026-10-02,CAFE,-0.817,,290.75
2026-10-02,TRIGO,1.258,,683.0
2026-10-02,SOYA,1.356,,1278.25
2026-10-02,DBA,-0.192,,28.209999084472656
2026-10-02,XLE,0.744,,62.81999969482422
2026-10-02,XOP,0.886,,184.92999267578125
2026-10-02,URA,-1.72,,39.790000915527344
2026-10-02,ICLN,-0.748,,17.190000534057617
2026-10-02,HYSPR,0.345,,3.24
2026-10-02,IGSPR,-0.215,,0.86
2026-10-02,HYG,-2.729,fuerte,76.91000366210938
2026-10-02,LQD,-2.516,fuerte,101.83000183105469
2026-10-02,VIX,-0.423,,15.3100004196167
2026-10-02,MOVE,0.89,,107.29000091552734
2026-10-02,CUAU,0.045,,0.0015597146788142611
2026-10-02,AUAG,-0.965,,69.39826470298095
2026-10-02,SMLG,-0.817,,0.365781383056424
2026-10-02,EMUS,1.372,,0.08792422026011235
2026-10-02,OILAU,-0.349,,0.02188934120212707
